{
    "version": 2,
    "name": "blood.zip",
    "items": [
        "Blood.sh",
        "Blood/"
    ],
    "items_opt": null,
    "attr": {
        "title": "Blood",
        "desc": "Blood port based on EDuke32.",
        "inst": "You'll need to add your own full version Blood 1.21 files to the ports/Blood folder.",
        "genres": [
            "fps",
            "action"
        ],
        "porter": [
            "romadu"
        ],
        "image": {},
        "rtr": false,
        "runtime": null,
        "reqs": [],
        "arch": [
            "aarch64"
        ],
        "exp": false
    }
}